trial,family,sharpe_annual
TSMOM(120),ts_momentum,0.3921722421551599
"MA(25,150)",ma_crossover,0.3513183668807643
"MA(10,180)",ma_crossover,0.34939237300073933
"MA(25,100)",ma_crossover,0.3326209101330008
"MA(15,200)",ma_crossover,0.3255535499124525
"MA(30,100)",ma_crossover,0.3172711943425749
"MA(25,120)",ma_crossover,0.3152235798897286
TSMOM(150),ts_momentum,0.31176897886824606
"MA(2,180)",ma_crossover,0.30961790845303916
"MA(30,120)",ma_crossover,0.3045920860097988
"MA(12,200)",ma_crossover,0.3043657934258971
"MA(20,150)",ma_crossover,0.30191150313060905
"MA(20,250)",ma_crossover,0.3005622443327272
"MA(25,180)",ma_crossover,0.29647419656120844
"MA(30,150)",ma_crossover,0.2958128909484953
"MA(15,80)",ma_crossover,0.29436093552429965
"MA(3,200)",ma_crossover,0.29351157460869265
"MA(2,200)",ma_crossover,0.28985667899233314
"MA(8,200)",ma_crossover,0.2898495753713694
"MA(10,200)",ma_crossover,0.2802493513539782
"MA(12,180)",ma_crossover,0.279024737342345
"MA(20,120)",ma_crossover,0.27421509875055644
"MA(40,100)",ma_crossover,0.27395907305831374
"MA(20,200)",ma_crossover,0.27193110674884363
"MA(15,250)",ma_crossover,0.2696710241906282
"MA(15,100)",ma_crossover,0.26854465234174546
"MA(2,120)",ma_crossover,0.2678630996206438
"MA(20,100)",ma_crossover,0.26636482031750636
"MA(8,180)",ma_crossover,0.2652052424677484
"MA(25,250)",ma_crossover,0.26501426362287706
"MA(40,180)",ma_crossover,0.26309061891968555
"MA(12,250)",ma_crossover,0.26233644332249717
"MA(12,150)",ma_crossover,0.26150134596784663
"MA(40,120)",ma_crossover,0.2608116076522237
"MA(20,180)",ma_crossover,0.259730291454962
"MA(8,250)",ma_crossover,0.25618536802637815
"MA(30,180)",ma_crossover,0.2506187510703747
"MA(10,80)",ma_crossover,0.24850010444257428
"MA(2,40)",ma_crossover,0.24795519625242457
"MA(15,180)",ma_crossover,0.2478609437390647
"MA(30,250)",ma_crossover,0.24492528317818757
"MA(15,120)",ma_crossover,0.24467307038099326
"MA(40,80)",ma_crossover,0.23982005227873127
"MA(50,80)",ma_crossover,0.23630736143584333
"MA(25,80)",ma_crossover,0.2353661386797068
"MA(5,200)",ma_crossover,0.23514053554317366
"MA(12,80)",ma_crossover,0.23497561987259002
"MA(12,120)",ma_crossover,0.23421589761534456
"MA(15,150)",ma_crossover,0.23139507597519524
"MA(5,180)",ma_crossover,0.23018202603413512
"MA(40,60)",ma_crossover,0.22920273992931606
"MA(50,120)",ma_crossover,0.22628960005624774
"MA(12,100)",ma_crossover,0.22324227822523574
"MA(10,250)",ma_crossover,0.2231239161299322
"MA(3,150)",ma_crossover,0.2214126204797848
"MA(25,200)",ma_crossover,0.22030603552018563
"MA(5,100)",ma_crossover,0.22002526763179034
"MA(3,50)",ma_crossover,0.21984155109560655
"MA(10,150)",ma_crossover,0.21870233513259055
"MA(3,30)",ma_crossover,0.21840881554050648
"MA(3,120)",ma_crossover,0.2174455159796496
"MA(50,100)",ma_crossover,0.21471164135008286
"MA(2,30)",ma_crossover,0.21415620009184852
"MA(3,40)",ma_crossover,0.21322746004721385
"MA(25,50)",ma_crossover,0.2121192620936239
"MA(3,180)",ma_crossover,0.20823950452510814
"MA(10,120)",ma_crossover,0.20778688278006277
"MA(40,150)",ma_crossover,0.20632290140347778
"MA(40,50)",ma_crossover,0.2058541121332515
"MA(5,150)",ma_crossover,0.20357101001173708
TSMOM(180),ts_momentum,0.20278418435304724
"MA(20,80)",ma_crossover,0.20274135687354994
"MA(10,100)",ma_crossover,0.1988593573467445
"MA(2,150)",ma_crossover,0.19665545333910261
"MA(2,250)",ma_crossover,0.19444630503696972
"MA(20,60)",ma_crossover,0.19398689367968042
"MA(8,80)",ma_crossover,0.19374749973546881
"MA(2,50)",ma_crossover,0.192887895211022
"MA(30,50)",ma_crossover,0.1885320460982076
"MA(5,120)",ma_crossover,0.1865630592074094
"MA(30,80)",ma_crossover,0.1828043994031161
"MA(30,200)",ma_crossover,0.18013010404970356
"MA(30,60)",ma_crossover,0.17844949099651983
"MA(8,120)",ma_crossover,0.1728218221002022
"MA(50,60)",ma_crossover,0.17006509086624233
"MA(40,200)",ma_crossover,0.16904321618054557
"MA(15,60)",ma_crossover,0.16859907052966933
TSMOM(80),ts_momentum,0.1675060976923215
"MA(12,60)",ma_crossover,0.16337680574056038
"MA(3,100)",ma_crossover,0.15909050566130908
"MA(5,250)",ma_crossover,0.15895116091759776
"MA(40,250)",ma_crossover,0.1588428946192029
"MA(2,100)",ma_crossover,0.1555622717969834
"MA(8,100)",ma_crossover,0.15525024193679388
"MA(50,180)",ma_crossover,0.15369553752398754
"MA(25,60)",ma_crossover,0.15361782640093952
"MA(20,50)",ma_crossover,0.15195100254379984
"MA(5,50)",ma_crossover,0.15119108515997687
"MA(50,150)",ma_crossover,0.1478848067723814
"MA(3,250)",ma_crossover,0.14695450667449075
TSMOM(60),ts_momentum,0.1406996084932841
"MA(2,60)",ma_crossover,0.13857815710997184
TSMOM(20),ts_momentum,0.13781318711145982
TSMOM(200),ts_momentum,0.136505460522425
"MA(8,150)",ma_crossover,0.13169812769245648
"MA(50,200)",ma_crossover,0.1310323462333049
"MA(5,80)",ma_crossover,0.12618850995711695
"MA(15,50)",ma_crossover,0.12559627565660342
"MA(3,60)",ma_crossover,0.12411233173157914
"MA(5,60)",ma_crossover,0.12177774290470285
"MA(5,40)",ma_crossover,0.12027231356591246
"MA(8,40)",ma_crossover,0.11510174978944125
"MA(10,60)",ma_crossover,0.11330339075258358
"MA(8,60)",ma_crossover,0.10887945394062067
TSMOM(40),ts_momentum,0.10508558914267009
"MA(8,30)",ma_crossover,0.09648679957986454
"MA(50,250)",ma_crossover,0.09457942431974198
"MA(8,50)",ma_crossover,0.09226774150445759
"MA(2,80)",ma_crossover,0.08774139585664478
"MA(25,40)",ma_crossover,0.07470476048227953
TSMOM(30),ts_momentum,0.07245823575493286
"MA(5,30)",ma_crossover,0.07029125306852468
"MA(12,50)",ma_crossover,0.06728088714271474
"MA(12,30)",ma_crossover,0.062010576639808856
"MA(10,30)",ma_crossover,0.060039460513150095
TSMOM(250),ts_momentum,0.059878912538930976
"MA(3,20)",ma_crossover,0.05520120721066187
"MA(30,40)",ma_crossover,0.046387114673563414
"MA(10,50)",ma_crossover,0.031720511050234025
"MA(3,80)",ma_crossover,0.031234719314740426
"MA(12,20)",ma_crossover,0.028366152667847356
"MA(20,40)",ma_crossover,0.026074715320989515
"MA(15,30)",ma_crossover,0.02192734352017704
"MA(2,20)",ma_crossover,0.010460880245888995
"MA(12,40)",ma_crossover,0.0010276730138215435
TSMOM(5),ts_momentum,-0.00543218411185235
"MA(25,30)",ma_crossover,-0.008228129030996364
"MA(10,40)",ma_crossover,-0.009119835075493096
"MA(15,40)",ma_crossover,-0.014658911661614251
"MA(20,30)",ma_crossover,-0.02018059514723176
"MA(15,20)",ma_crossover,-0.020933798483625084
TSMOM(100),ts_momentum,-0.032208971872075595
"MA(5,20)",ma_crossover,-0.03725829113462412
"MA(10,20)",ma_crossover,-0.06751124415807976
"MA(8,20)",ma_crossover,-0.11519565850225712
TSMOM(10),ts_momentum,-0.12425798797474917
TSMOM(15),ts_momentum,-0.15276419379659625
